INSERT INTO user(username, password, role_id)
VALUES
	('zhangsan', '123', 1),
    ('lisi', '123', 2),
    ('wangwu', '123', 3);
    
INSERT INTO role
VALUES
	(1, '管理员'),
    (2, '学生'),
    (3, '老师');
    
INSERT INTO profile
VALUES
	('0', '最高权限'),
	('1.1.1', '查询所有学生信息'),
    ('1.1.2', '查询指定学生姓名的信息以及所有课程的成绩'),
    ('1.1.3', '查询指定老师的所有学生及其成绩'),
    ('1.1.4', '查询指定课程的所有学生及其成绩'),
    ('1.2.1', '查询所有课程信息'),
    ('1.2.2', '查询指定课程名称的信息'),
    ('1.2.3', '查询指定老师的所有课程信息'),
    ('1.3.1', '查询所有老师信息'),
    ('1.3.2', '查询指定老师信息'),
    ('2.1', '新增学生信息'),
    ('2.2', '新增课程信息'),
    ('2.3', '新增老师信息'),
    ('2.4', '给指定学生新增成绩'),
    ('3.1', '修改指定学号的学生'), 
    ('3.2', '修改指定课程的信息'),
    ('3.3', '修改指定老师的信息'), 
    ('3.4', '修改指定学生的成绩'),
    ('4.1', '删除指定学生'),
    ('4.2', '删除指定课程'),
    ('4.3', '删除指定老师'),
    ('5', '退出');

INSERT INTO role_profile(role_id, profile_id)
VALUES
	(1, '0'),
	(2, '1.1.2'),
    (2, '1.2.1'),
    (2, '1.2.2'),
    (2, '5'),
    (3, '1.1.1'),
    (3, '1.1.2'), 
    (3, '1.1.3'),
    (3, '1.1.4'),
    (3, '1.2.1'),
    (3, '1.2.2'),
    (3, '1.2.3'),
    (3, '1.3.2'),
    (3, '2.1'),
    (3, '2.2'),
    (3, '2.4'),
    (3, '3.1'), 
    (3, '3.2'),
    (3, '3.4'),
    (3, '4.1'),
    (3, '4.2'),
    (3, '5');
    
INSERT INTO student
VALUES
	(2, '李四', '男', 20, '计算机');
    
INSERT INTO teacher
VALUES
	(3, '王五', '女', 40);
    
INSERT INTO subject(name)
VALUES
	('数学');
    
INSERT INTO subject_teacher(subject_id, teacher_id)
VALUES
	(1, 3);
    
INSERT INTO score(student_id, subject_id, score)
VALUES
	(2, 1, 90);